Nº do item;Data de lançamento;Quantidade
539;04/01/2022;105
501;17/01/2022;387,5
472;15/02/2022;479,7
539;17/02/2022;140
505;04/01/2022;513
505;04/01/2022;510
412;04/01/2022;276
412;07/01/2022;284
406;20/01/2022;737,7
604;07/02/2022;560,8
505;07/02/2022;510
505;07/02/2022;515
519;23/02/2022;456
539;04/04/2022;140
667;22/03/2022;3.850,00
412;04/01/2022;1.056,00
505;22/03/2022;513
505;22/03/2022;503
505;26/04/2022;504
505;26/04/2022;504
673;17/05/2022;517
506;20/05/2022;539
505;20/05/2022;494
673;23/05/2022;1.067,00
673;24/05/2022;484
673;30/05/2022;565
505;02/06/2022;494
500;03/06/2022;1.476,00
539;08/06/2022;49
673;08/06/2022;567
539;20/06/2022;140
505;28/06/2022;496
505;28/06/2022;504
539;21/07/2022;105
539;21/07/2022;30
679;04/08/2022;6
442;05/08/2022;1.924,50
458;11/08/2022;840,6
472;11/08/2022;927,6
448;11/08/2022;782,1
446;11/08/2022;739
458;12/08/2022;857,6
472;12/08/2022;1.583,50
442;12/08/2022;697,7
452;12/08/2022;1.128,40
446;12/08/2022;939,5
472;12/08/2022;522,3
446;12/08/2022;379,5
458;15/08/2022;420,8
452;15/08/2022;404,8
468;15/08/2022;2.105,60
452;15/08/2022;381,8
539;17/08/2022;162
452;17/08/2022;805,1
458;18/08/2022;453,3
472;19/08/2022;463,5
458;31/08/2022;395,8
448;06/09/2022;392,3
525;20/09/2022;500
525;20/09/2022;502
681;23/09/2022;1.072,40
307;23/09/2022;6.002,10
571;23/09/2022;6.904,80
444;27/09/2022;354,3
448;27/09/2022;346,2
501;27/09/2022;974,3
472;28/09/2022;712,4
472;29/09/2022;715,8
472;30/09/2022;2.694,80
452;30/09/2022;1.615,70
673;04/10/2022;531
472;10/10/2022;758,4
452;10/10/2022;392,3
686;14/10/2022;3.282,20
554;17/10/2022;14
539;17/10/2022;105
539;17/10/2022;60
531;19/10/2022;1.179,00
472;21/10/2022;2.234,00
452;24/10/2022;779,6
673;26/10/2022;512
448;27/10/2022;398,2
468;04/11/2022;660,6
446;04/11/2022;366,5
539;07/11/2022;120
444;07/11/2022;369,3
673;07/11/2022;374
448;09/11/2022;358,2
458;10/11/2022;844
506;10/11/2022;498
706;16/11/2022;895
707;16/11/2022;3.631,00
713;17/11/2022;431
458;17/11/2022;424
721;17/11/2022;3.076,00
678;18/11/2022;722
444;23/11/2022;346,3
468;23/11/2022;704,6
525;28/11/2022;504
525;28/11/2022;504
446;29/11/2022;2.036,00
705;29/11/2022;468
679;29/11/2022;24
458;29/11/2022;1.019,00
458;29/11/2022;423
428;30/11/2022;331,6
702;02/12/2022;6.058,00
711;02/12/2022;3.095,50
712;02/12/2022;1.870,00
710;02/12/2022;1.146,10
468;05/12/2022;337
428;05/12/2022;581,2
468;05/12/2022;460,4
709;05/12/2022;1.264,50
724;06/12/2022;457
678;06/12/2022;725
721;07/12/2022;1.630,00
428;08/12/2022;908,8
428;09/12/2022;2.736,40
434;09/12/2022;2.550,80
501;09/12/2022;2.123,60
452;09/12/2022;2.031,50
468;09/12/2022;2.768,40
472;09/12/2022;799,4
698;09/12/2022;3.408,80
699;09/12/2022;3.318,40
677;09/12/2022;756
446;12/12/2022;215
444;13/12/2022;977,4
444;13/12/2022;762
458;13/12/2022;495
428;16/12/2022;302,6
444;16/12/2022;396
446;16/12/2022;389,5
448;16/12/2022;371,2
458;16/12/2022;495
468;16/12/2022;500,5
723;20/12/2022;1.097,00
576;23/12/2022;1.250,00
590;23/12/2022;1.789,00
703;23/12/2022;1.787,00
428;02/01/2023;286,6
444;03/01/2023;791
713;03/01/2023;448
525;05/01/2023;508
525;05/01/2023;501
446;10/01/2023;624
458;11/01/2023;505
446;13/01/2023;360,5
657;16/01/2023;1.285,00
721;18/01/2023;2.115,00
452;19/01/2023;417,8
472;20/01/2023;467
446;20/01/2023;1.959,00
440;20/01/2023;608,4
539;24/01/2023;156
458;27/01/2023;508
705;27/01/2023;382
622;31/01/2023;4.157,00
702;31/01/2023;4.891,00
444;01/02/2023;440
448;03/02/2023;395,2
713;06/02/2023;402
720;07/02/2023;698
458;07/02/2023;1.421,00
525;09/02/2023;503
428;09/02/2023;699
679;10/02/2023;6
525;10/02/2023;505
442;10/02/2023;742
444;15/02/2023;382
428;15/02/2023;646
442;15/02/2023;368
446;15/02/2023;806
490;17/02/2023;474
472;24/02/2023;1.266,00
472;24/02/2023;988,9
722;27/02/2023;2.169,00
434;27/02/2023;1.088,00
428;28/02/2023;648
458;28/02/2023;474
716;28/02/2023;1.016,00
412;01/03/2023;289,5
428;01/03/2023;1.013,00
450;01/03/2023;362,9
705;01/03/2023;381
442;02/03/2023;358
506;03/03/2023;498
458;06/03/2023;474
440;07/03/2023;612,9
434;07/03/2023;371
718;10/03/2023;1.239,00
450;10/03/2023;345,9
458;10/03/2023;1.579,00
720;13/03/2023;377
714;13/03/2023;615
525;13/03/2023;1.008,00
448;14/03/2023;758,4
458;08/02/2023;490
705;23/05/2023;462
448;20/03/2023;363,7
472;20/03/2023;2.072,30
444;22/03/2023;751,1
444;22/03/2023;396
448;22/03/2023;396,2
412;22/03/2023;743
448;24/05/2023;369,7
406;27/03/2023;425,8
448;27/03/2023;363,7
468;27/03/2023;964,5
428;27/03/2023;349
458;27/03/2023;1.557,00
420;27/03/2023;676
446;27/03/2023;339
428;24/05/2023;338
448;29/03/2023;355,2
679;29/03/2023;6
722;03/04/2023;561
428;03/04/2023;347,5
450;24/05/2023;407
420;04/04/2023;337,5
448;30/05/2023;363,2
446;23/02/2023;3.243,00
444;06/04/2023;375
428;06/04/2023;1.035,00
406;11/04/2023;552
448;30/05/2023;358
448;13/04/2023;357,7
713;13/04/2023;429
448;30/05/2023;363,7
505;25/04/2023;994,6
442;30/05/2023;382,5
446;07/03/2023;2.018,00
472;27/04/2023;1.987,80
446;01/06/2023;1.271,50
450;02/06/2023;410
406;27/04/2023;558
697;05/06/2023;1.073,00
428;12/06/2023;317
720;12/06/2023;409
468;12/06/2023;1.405,70
728;04/05/2023;1.210,00
408;12/06/2023;534
446;13/06/2023;425,1
468;15/06/2023;2.119,00
468;15/06/2023;512,4
722;15/06/2023;2.595,00
448;15/06/2023;1.217,00
406;12/05/2023;552
724;15/06/2023;485
532;21/06/2023;754
506;27/06/2023;505
505;27/06/2023;501,5
472;30/06/2023;2.291,00
458;08/03/2023;488
657;30/03/2023;1.408,00
728;31/03/2023;623
697;17/04/2023;402
444;08/05/2023;557
472;31/05/2023;2.190,00
420;07/06/2023;325,5
448;12/06/2023;429
478;13/06/2023;966,5
697;13/06/2023;425
702;16/06/2023;2.017,50
702;16/06/2023;5.042,00
468;21/06/2023;1.058,00
505;28/07/2023;1.004,10
406;20/06/2023;377,4
406;20/06/2023;271,2
532;21/06/2023;262,5
468;21/06/2023;1.056,00
444;21/06/2023;378
448;21/06/2023;397
720;23/06/2023;420
468;23/06/2023;514
468;28/06/2023;532
448;30/06/2023;390
450;11/07/2023;437
450;22/06/2023;1.162,20
448;27/06/2023;374,2
532;01/08/2023;514,5
505;19/07/2023;501,5
532;19/07/2023;1.027,00
472;29/06/2023;472,2
472;29/06/2023;1.151,00
527;30/06/2023;424
428;05/07/2023;332,5
428;23/06/2023;332
444;10/07/2023;381
679;12/07/2023;70
472;27/07/2023;595
448;27/07/2023;793
406;21/09/2023;416
468;12/07/2023;551
718;24/07/2023;1.598,00
713;22/06/2023;3.983,00
452;22/06/2023;4.139,00
720;22/03/2023;382
720;29/03/2023;417,5
720;13/04/2023;392
468;25/04/2023;913
450;27/04/2023;372,4
442;27/04/2023;396
428;05/05/2023;338,5
468;09/05/2023;459
468;09/05/2023;530,4
720;10/05/2023;398
428;17/05/2023;331
444;17/05/2023;369
468;17/05/2023;1.030,80
724;19/05/2023;491
444;22/05/2023;731
720;24/05/2023;405
452;08/08/2023;384,5
458;08/08/2023;487,5
532;09/08/2023;725,2
472;10/08/2023;504
717;11/08/2023;349
458;11/08/2023;938,5
705;15/08/2023;426,5
448;15/08/2023;406
452;21/08/2023;378,5
468;23/08/2023;2.663,00
532;23/08/2023;248,2
532;23/08/2023;514,4
657;03/07/2023;681
458;30/08/2023;488
468;30/08/2023;514
468;30/08/2023;1.558,50
505;01/09/2023;1.003,00
468;04/09/2023;559,5
452;11/09/2023;387,5
468;11/09/2023;541
506;11/09/2023;506
468;11/09/2023;1.086,50
420;13/09/2023;763,4
428;13/09/2023;308,5
458;13/09/2023;491,1
482;13/09/2023;574
424;14/09/2023;588,6
532;15/09/2023;257,4
532;18/09/2023;488,2
482;19/09/2023;577,4
472;22/09/2023;1.112,00
412;22/09/2023;258,6
424;22/09/2023;297,9
434;22/09/2023;674,6
464;22/09/2023;431,7
434;22/09/2023;372
448;22/09/2023;1.281,00
458;22/09/2023;893,8
472;22/09/2023;1.191,00
716;22/09/2023;513
554;16/01/2024;70
724;25/09/2023;503
420;25/09/2023;253,4
483;24/10/2023;259,7
720;06/07/2023;419
720;14/07/2023;417,5
450;25/07/2023;439
412;26/09/2023;252,2
424;26/09/2023;300,3
448;28/09/2023;408
446;28/09/2023;352,3
483;03/10/2023;521,4
406;05/10/2023;445,2
464;05/10/2023;435,5
679;06/10/2023;70
406;10/10/2023;265,4
505;11/10/2023;1.005,30
482;16/10/2023;585,8
483;16/10/2023;521,2
446;17/10/2023;730
532;18/10/2023;492,4
428;23/10/2023;997,2
728;26/10/2023;1.290,00
483;27/10/2023;551,8
720;01/08/2023;412,5
720;21/08/2023;400
448;31/10/2023;351,2
483;31/10/2023;586,6
693;31/10/2023;100
406;01/11/2023;246,6
728;03/11/2023;2.580,00
464;06/11/2023;441,5
718;07/11/2023;462
446;14/09/2023;366,7
446;19/10/2023;408,3
723;10/11/2023;1.018,00
434;19/01/2024;698
434;14/11/2023;368
464;14/11/2023;445,5
452;16/11/2023;387
448;17/11/2023;367,2
594;17/11/2023;453,6
527;17/11/2023;412
452;22/11/2023;386
446;22/11/2023;823,4
446;22/11/2023;1.740,00
452;22/11/2023;2.593,60
472;22/11/2023;557
452;22/11/2023;433
428;23/10/2023;333,7
468;23/11/2023;492
458;24/10/2023;470,1
448;30/10/2023;354
428;30/10/2023;1.579,50
728;24/11/2023;1.280,00
667;27/11/2023;863
408;07/11/2023;1.077,00
483;08/11/2023;585
434;27/11/2023;339
448;27/11/2023;1.314,00
458;27/11/2023;1.328,00
428;27/11/2023;325
420;27/11/2023;318
718;30/11/2023;458
468;27/11/2023;2.259,00
428;30/11/2023;949,2
420;30/11/2023;318
442;30/11/2023;1.917,00
468;30/11/2023;1.061,00
458;05/12/2023;1.012,00
723;04/12/2023;581
428;05/12/2023;743
448;06/12/2023;959
720;06/12/2023;337,5
448;19/12/2023;403,2
458;22/12/2023;453,1
679;06/12/2023;70
677;06/12/2023;1.462,00
420;12/12/2023;332
287;23/01/2024;811
472;12/12/2023;565,2
546;22/07/2024;588
693;07/12/2023;100
693;05/12/2023;100
693;13/12/2023;200
739;10/01/2024;509
728;02/01/2024;1.290,00
702;06/12/2023;2.748,00
732;06/12/2023;10.072,00
428;22/12/2023;1.247,40
450;05/01/2024;983
450;05/01/2024;1.291,10
428;22/12/2023;2.045,00
448;22/12/2023;480
468;22/12/2023;1.675,00
448;22/12/2023;420,4
448;24/01/2024;818,4
450;22/12/2023;428,1
472;09/01/2024;436,2
472;09/01/2024;1.121,50
458;22/12/2023;1.772,80
468;22/12/2023;1.080,80
406;10/01/2024;479,4
428;02/01/2024;1.053,00
468;02/01/2024;3.143,40
739;03/01/2024;1.003,00
740;03/01/2024;524
723;12/01/2024;1.581,00
705;08/01/2024;428
442;09/01/2024;405
448;22/01/2024;482
720;11/08/2023;349
446;17/10/2023;786,8
428;11/12/2023;1.038,00
458;11/12/2023;484
554;18/01/2024;7
554;26/01/2024;74
420;29/01/2024;919
446;29/01/2024;671
458;29/01/2024;483
468;29/01/2024;1.531,00
472;29/01/2024;550
527;29/01/2024;635
739;10/01/2024;514,5
446;01/02/2024;1.050,00
468;23/01/2024;1.636,00
446;02/02/2024;1.020,00
667;05/02/2024;996
450;05/02/2024;1.690,80
692;05/02/2024;10
693;05/02/2024;100
458;06/02/2024;551
745;06/02/2024;755
532;07/02/2024;538
458;07/02/2024;1.091,00
693;07/02/2024;100
539;08/02/2024;72
728;14/02/2024;1.290,00
448;16/02/2024;425,6
693;19/02/2024;100
287;19/02/2024;408
679;20/02/2024;42
448;22/02/2024;379
739;23/02/2024;498
739;23/02/2024;498
448;23/02/2024;849,2
718;27/02/2024;1.047,00
434;28/02/2024;343,8
693;01/03/2024;75
434;05/03/2024;347,6
720;07/03/2024;401,3
532;08/03/2024;454,2
693;08/03/2024;200
667;11/03/2024;1.002,00
448;13/03/2024;750,8
728;13/03/2024;1.330,00
478;14/03/2024;1.490,00
478;14/03/2024;669
472;15/03/2024;574
434;19/03/2024;366,4
693;20/03/2024;100
448;21/03/2024;2.058,00
420;22/03/2024;318
424;22/03/2024;330,9
739;25/03/2024;986,5
720;12/01/2024;347,5
478;26/03/2024;675
532;26/03/2024;526
458;27/03/2024;385
448;28/03/2024;479
458;28/03/2024;1.091,00
539;02/04/2024;72
532;03/04/2024;481,8
504;04/04/2024;499
693;05/04/2024;100
434;11/04/2024;360,2
728;12/04/2024;1.290,00
483;17/04/2024;292,5
472;18/04/2024;563
446;19/04/2024;809,2
448;19/04/2024;398,2
532;22/04/2024;448,2
739;23/04/2024;1.211,00
408;24/04/2024;1.035,70
424;24/04/2024;661
444;24/04/2024;1.125,80
468;24/04/2024;3.122,60
532;28/02/2024;466
434;13/03/2024;727,6
693;26/04/2024;100
723;29/04/2024;1.122,40
667;30/04/2024;1.034,00
444;30/04/2024;1.070,00
693;30/04/2024;100
424;02/05/2024;630,2
722;03/05/2024;519
692;08/05/2024;50
678;08/05/2024;734
692;08/05/2024;10
693;08/05/2024;100
420;08/05/2024;301
428;08/05/2024;334
554;24/06/2024;70
656;12/04/2022;605
611;11/04/2022;485
611;11/04/2022;1.447,00
564;08/04/2022;615
644;12/04/2022;554
483;13/04/2022;315
600;13/04/2022;497
644;13/04/2022;1.110,00
656;28/04/2022;588
546;18/01/2022;597
555;26/01/2022;264
546;29/04/2022;1.503,00
555;08/02/2022;533
604;16/02/2022;377
555;17/02/2022;548
600;10/01/2022;1.038,00
604;10/03/2022;542
555;15/03/2022;596
546;29/04/2022;797
578;29/04/2022;649
643;12/01/2022;427
643;30/03/2022;1.120,00
643;31/03/2022;574
555;31/03/2022;592
555;31/03/2022;608
644;31/03/2022;466
643;04/04/2022;1.038,00
520;04/04/2022;630
586;29/04/2022;337
520;06/04/2022;653
483;03/01/2022;674
634;04/01/2022;2.144,00
483;11/01/2022;662
483;11/01/2022;609
600;13/01/2022;883
600;15/02/2022;525
598;18/01/2022;410
520;18/01/2022;1.088,00
604;16/02/2022;319
604;16/02/2022;1.062,00
546;18/01/2022;840
635;17/02/2022;618
606;18/01/2022;582
600;18/01/2022;368
577;20/01/2022;649
483;25/01/2022;674
520;26/01/2022;1.085,00
604;26/01/2022;555
579;04/04/2022;912
587;31/01/2022;901
600;31/01/2022;951
600;31/01/2022;944
600;31/01/2022;1.039,00
577;07/02/2022;509
577;07/02/2022;614
604;07/02/2022;1.283,00
564;09/02/2022;717
587;25/02/2022;848
584;11/02/2022;610
546;15/02/2022;716
520;15/02/2022;646
659;15/02/2022;441
577;15/02/2022;636
586;17/02/2022;1.357,00
586;18/02/2022;694
483;21/02/2022;610
546;23/02/2022;1.622,00
520;23/02/2022;809
483;24/02/2022;551
641;02/03/2022;1.679,00
555;02/03/2022;595
604;08/03/2022;578
604;08/03/2022;283
611;03/03/2022;1.735,00
584;04/03/2022;618
600;04/03/2022;2.019,00
520;11/03/2022;1.082,00
587;11/03/2022;878
483;07/03/2022;586
659;10/03/2022;449
520;10/03/2022;1.059,00
555;14/03/2022;598
483;15/03/2022;1.173,00
611;15/03/2022;968
611;15/03/2022;2.408,00
659;16/03/2022;420
546;17/03/2022;710
520;21/03/2022;705
546;21/03/2022;720
564;21/03/2022;542
577;25/03/2022;602
659;28/03/2022;429
656;28/03/2022;2.432,00
564;23/03/2022;556
587;23/03/2022;895
604;23/03/2022;532
641;29/03/2022;1.587,00
611;30/03/2022;1.917,00
520;30/03/2022;1.083,00
520;30/03/2022;1.063,00
483;29/04/2022;607
652;30/03/2022;3.036,00
634;31/03/2022;266
659;31/03/2022;182
546;31/03/2022;819
546;31/03/2022;1.507,00
564;29/03/2022;278
580;29/03/2022;750
520;31/03/2022;653
600;04/04/2022;2.001,00
577;06/04/2022;603
611;06/04/2022;958
579;07/04/2022;640
656;07/04/2022;1.220,00
580;14/04/2022;754
483;14/04/2022;1.637,00
604;04/03/2022;532
660;25/04/2022;533
656;19/04/2022;920
579;20/04/2022;641
577;26/04/2022;606
570;26/04/2022;1.220,00
483;29/04/2022;602
483;29/04/2022;605
578;29/04/2022;653
600;29/04/2022;518
586;29/04/2022;337
656;29/04/2022;878
658;29/04/2022;1.068,00
655;29/04/2022;1.206,00
652;29/04/2022;349
604;28/01/2022;557
635;04/05/2022;626
656;04/05/2022;1.218,00
564;04/05/2022;715
578;05/05/2022;625
658;09/05/2022;1.244,00
652;10/05/2022;2.130,00
579;11/05/2022;606
652;11/05/2022;811
656;13/05/2022;1.789,00
658;13/05/2022;899
656;13/05/2022;607
656;13/05/2022;1.206,00
656;20/05/2022;902
584;23/05/2022;1.160,00
584;23/05/2022;514
520;24/05/2022;973
652;25/05/2022;566
483;25/05/2022;599
600;25/05/2022;511
658;26/05/2022;1.884,00
656;26/05/2022;1.807,00
600;30/05/2022;1.012,00
483;30/05/2022;604
577;31/05/2022;625
584;31/05/2022;549
611;31/05/2022;977
635;06/06/2022;568
582;06/06/2022;701
482;07/06/2022;556
555;08/06/2022;1.277,00
483;09/06/2022;599
520;10/06/2022;794
652;14/06/2022;596
555;15/06/2022;1.327,00
483;20/06/2022;514
555;22/06/2022;666
652;22/06/2022;1.233,00
520;22/06/2022;796
483;23/06/2022;612
587;24/06/2022;1.719,00
586;24/06/2022;704
655;24/06/2022;1.233,00
568;24/06/2022;898
652;24/06/2022;595
555;27/06/2022;683
587;29/06/2022;800
483;30/06/2022;508
483;30/06/2022;512
483;30/06/2022;594
586;30/06/2022;594
683;01/07/2022;654
688;27/09/2022;772
482;01/07/2022;559
546;04/07/2022;593
652;04/07/2022;1.094,00
600;05/07/2022;517
659;05/07/2022;460
555;07/07/2022;1.351,00
598;07/07/2022;983
658;07/07/2022;449
656;07/07/2022;659
546;07/07/2022;546
555;08/07/2022;584
598;08/07/2022;507
482;12/07/2022;532
483;13/07/2022;632
482;14/07/2022;507
655;14/07/2022;1.191,00
546;15/07/2022;805
658;15/07/2022;448
656;15/07/2022;641
482;15/07/2022;537
483;19/07/2022;1.122,00
483;21/07/2022;606
659;22/07/2022;459
635;25/07/2022;573
659;25/07/2022;460
555;26/07/2022;1.791,00
658;28/07/2022;447
656;28/07/2022;636
546;28/07/2022;607
520;29/07/2022;770
546;29/07/2022;1.611,00
656;29/07/2022;3.859,00
483;01/08/2022;603
567;01/08/2022;570
555;01/08/2022;1.699,00
520;02/08/2022;595
659;03/08/2022;459
635;04/08/2022;589
483;08/08/2022;555
635;08/08/2022;593
555;09/08/2022;588
704;09/08/2022;798
528;24/10/2022;640
655;24/10/2022;1.149,00
704;25/10/2022;1.558,00
704;22/11/2022;838
635;27/10/2022;607
483;28/10/2022;597
704;04/11/2022;606
656;04/11/2022;895
658;04/11/2022;1.254,00
520;04/11/2022;241
528;04/11/2022;652
635;04/11/2022;612
690;07/11/2022;555
708;07/11/2022;684
520;07/11/2022;599
568;08/11/2022;1.199,00
652;09/11/2022;700
482;09/11/2022;485
520;10/11/2022;610
555;16/11/2022;2.025,00
528;16/11/2022;650
483;16/11/2022;604
587;17/11/2022;843
585;17/11/2022;441
483;17/11/2022;599
635;18/11/2022;597
704;22/11/2022;1.404,00
658;21/11/2022;1.251,00
655;21/11/2022;1.131,00
483;23/11/2022;600
656;23/11/2022;1.853,00
528;24/11/2022;646
483;29/11/2022;600
690;30/11/2022;518
704;30/11/2022;847
704;30/11/2022;873
482;30/11/2022;489
642;02/12/2022;1.636,00
482;06/12/2022;489
704;06/12/2022;364
658;07/12/2022;1.123,00
655;07/12/2022;551
483;08/12/2022;1.195,00
704;14/12/2022;647
483;16/12/2022;607
483;19/12/2022;1.190,00
598;02/01/2023;451
483;03/01/2023;638
655;03/01/2023;836
555;04/01/2023;1.388,00
482;09/01/2023;484
659;09/01/2023;483
656;10/01/2023;593
656;10/01/2023;921
655;10/01/2023;896
568;12/01/2023;455
690;16/01/2023;432
704;16/01/2023;528
483;16/01/2023;308
659;16/01/2023;447
655;16/01/2023;611
656;16/01/2023;10.025,00
690;17/01/2023;456
704;17/01/2023;709
704;17/01/2023;771
482;24/01/2023;511
584;26/01/2023;673
635;27/01/2023;617
659;27/01/2023;465
555;30/01/2023;1.343,00
690;31/01/2023;389
659;01/02/2023;455
555;02/02/2023;1.364,00
567;03/02/2023;571
483;06/02/2023;607
659;08/02/2023;468
567;09/02/2023;571
704;09/02/2023;662
483;17/01/2023;601
704;13/02/2023;1.278,00
644;15/02/2023;292
555;22/02/2023;1.371,00
483;30/01/2023;631
568;17/02/2023;460
635;24/02/2023;627
600;27/02/2023;1.034,00
659;27/02/2023;474
568;27/02/2023;1.359,00
555;28/02/2023;1.729,00
555;01/03/2023;660
659;01/03/2023;397
482;09/02/2023;467
568;06/03/2023;908
688;06/03/2023;1.061,00
635;10/03/2023;615
704;23/05/2023;666
482;24/10/2023;450
483;14/03/2023;602
644;10/03/2023;586
604;10/03/2023;542
483;05/04/2023;1.198,00
704;14/03/2023;608
655;21/11/2023;1.735,00
482;24/03/2023;713
690;27/03/2023;676
704;27/03/2023;819
659;27/03/2023;457
704;29/03/2023;1.660,00
704;29/03/2023;829
578;30/03/2023;577
482;31/03/2023;478
483;31/03/2023;600
578;03/04/2023;650
644;06/04/2023;566
482;06/04/2023;427
659;10/04/2023;466
644;13/04/2023;583
659;20/04/2023;457
731;26/04/2023;2.837,00
584;26/04/2023;2.014,00
584;26/04/2023;1.086,00
483;22/02/2023;597
482;04/05/2023;545
584;10/05/2023;1.146,00
483;03/03/2023;609
635;12/05/2023;435
635;12/05/2023;617
555;16/05/2023;1.295,00
690;21/09/2023;651
604;21/06/2023;545
658;25/05/2023;969
656;25/05/2023;2.150,00
635;20/03/2023;642
604;31/03/2023;545
635;03/04/2023;481
567;03/04/2023;575
644;04/04/2023;578
635;05/04/2023;653
568;02/05/2023;460
483;26/05/2023;584
725;31/05/2023;685
658;02/06/2023;487
656;02/06/2023;929
579;21/06/2023;315
586;21/06/2023;1.034,00
587;21/06/2023;528
577;26/06/2023;1.092,00
587;28/06/2023;536
568;11/07/2023;759
584;12/07/2023;506
585;27/07/2023;276
604;27/07/2023;546
690;27/07/2023;1.068,00
704;27/07/2023;1.449,00
656;28/07/2023;3.730,00
584;28/07/2023;1.201,00
690;28/07/2023;672
579;28/07/2023;450
482;22/06/2023;545
579;22/06/2023;3.273,00
690;22/06/2023;580
704;22/06/2023;646
587;01/08/2023;526
587;01/08/2023;1.052,00
634;28/11/2023;640
635;12/06/2023;617
576;26/04/2023;717
483;11/05/2023;596
567;18/05/2023;530
635;03/05/2023;455
635;27/06/2023;557
567;05/07/2023;526
586;05/07/2023;1.060,00
704;21/09/2023;1.536,00
567;28/06/2023;528
482;10/07/2023;546
482;26/07/2023;471
555;20/07/2023;1.226,00
555;20/07/2023;654
587;03/07/2023;530
604;27/04/2023;544
659;28/04/2023;468
659;19/05/2023;1.179,00
483;22/05/2023;1.200,00
587;24/05/2023;848
555;29/05/2023;1.179,00
598;30/05/2023;452
483;23/07/2024;635
587;02/06/2023;351
658;13/06/2023;1.007,00
656;13/06/2023;916
520;23/07/2024;588
577;15/06/2023;619
587;19/06/2023;506
656;19/06/2023;617
656;19/06/2023;1.832,00
658;20/06/2023;384
658;20/06/2023;2.454,00
579;22/06/2023;763
656;26/06/2023;1.248,00
656;28/06/2023;1.852,00
586;29/06/2023;1.399,00
578;03/07/2023;646
578;03/07/2023;649
585;03/07/2023;281
578;07/07/2023;578
656;13/07/2023;3.725,00
587;03/08/2023;522
743;03/08/2023;566
482;04/08/2023;471
483;04/08/2023;589
585;07/08/2023;275
644;08/08/2023;1.002,00
482;09/08/2023;545
655;10/08/2023;898
555;10/08/2023;1.980,00
564;28/11/2023;583
483;11/08/2023;611
568;15/08/2023;654
598;15/08/2023;454
482;16/08/2023;474
656;16/08/2023;1.877,00
659;30/11/2023;459
483;21/08/2023;600
635;23/08/2023;513
576;23/08/2023;469
576;23/08/2023;990
655;23/08/2023;888
656;23/08/2023;4.323,00
731;11/07/2023;2.230,00
558;24/07/2023;1.560,00
579;28/08/2023;654
655;28/08/2023;1.152,00
656;28/08/2023;1.233,00
690;29/08/2023;691
704;29/08/2023;1.552,00
734;30/08/2023;268
576;30/08/2023;1.469,00
584;30/08/2023;696
482;01/09/2023;544
655;01/09/2023;896
483;01/09/2023;578
567;05/09/2023;557
635;05/09/2023;567
567;05/09/2023;540
690;05/09/2023;1.020,00
555;05/09/2023;1.633,00
655;06/09/2023;889
482;11/09/2023;548
656;11/09/2023;3.335,00
644;13/09/2023;1.126,00
658;13/09/2023;2.201,00
656;14/09/2023;1.845,00
564;14/09/2023;356
483;01/12/2023;583
567;18/09/2023;587
635;18/09/2023;573
655;19/09/2023;893
555;19/09/2023;1.197,00
555;19/09/2023;489
483;20/09/2023;591
656;20/09/2023;1.880,00
656;20/09/2023;1.458,00
655;20/09/2023;833
742;22/09/2023;1.061,00
586;22/09/2023;339
587;22/09/2023;1.074,00
585;22/09/2023;274
586;22/09/2023;331
564;22/09/2023;1.082,00
580;22/09/2023;665
579;22/09/2023;1.805,00
704;22/09/2023;696
744;26/09/2023;581
579;26/09/2023;452
634;28/09/2023;613
482;03/10/2023;473
658;03/10/2023;464
658;03/10/2023;730
560;09/10/2023;794
704;10/10/2023;711
690;10/10/2023;971
704;10/10/2023;727
564;10/10/2023;579
585;10/10/2023;274
635;10/10/2023;572
748;16/01/2024;985
482;04/04/2023;471
655;16/10/2023;1.142,00
483;05/12/2023;1.014,00
482;05/12/2023;533
482;13/04/2023;382
656;12/12/2023;1.207,00
655;20/10/2023;867
483;25/04/2023;608
659;13/12/2023;444
483;09/03/2023;607
482;15/03/2023;471
483;21/03/2023;601
704;25/09/2023;736
482;26/10/2023;476
655;27/10/2023;862
659;14/12/2023;439
483;21/12/2023;666
744;30/10/2023;562
585;01/11/2023;549
635;06/11/2023;572
585;06/11/2023;550
578;19/01/2024;656
567;09/11/2023;525
635;09/11/2023;571
589;19/01/2024;533
567;09/11/2023;10
690;13/11/2023;972
644;19/01/2024;1.189,00
578;14/11/2023;555
658;14/11/2023;925
655;14/11/2023;880
482;14/11/2023;478
482;17/11/2023;372
659;21/11/2023;366
749;11/12/2023;2.169,00
658;23/11/2023;450
655;23/11/2023;832
555;26/02/2024;620
482;22/01/2024;537
704;24/11/2023;708
482;21/03/2023;471
635;27/11/2023;572
658;27/11/2023;459
604;15/12/2023;2.070,00
482;21/12/2023;632
704;30/11/2023;703
690;30/11/2023;982
656;30/11/2023;2.936,00
655;01/12/2023;854
482;01/12/2023;539
635;06/12/2023;625
634;22/12/2023;649
564;22/12/2023;726
546;19/01/2024;1.902,00
564;02/01/2024;652
635;12/12/2023;627
586;12/12/2023;338
586;12/12/2023;683
483;05/01/2024;669
744;08/01/2024;309
659;08/01/2024;361
555;24/01/2024;3.211,00
558;19/12/2023;2.280,00
644;09/01/2024;1.001,00
598;09/01/2024;1.541,00
586;24/01/2024;337
482;10/01/2024;535
658;15/01/2024;1.002,00
483;22/01/2024;666
659;22/01/2024;765
658;22/01/2024;467
655;22/01/2024;587
586;22/01/2024;1.375,00
520;12/02/2024;1.071,00
746;02/01/2024;689
567;02/01/2024;581
546;12/02/2024;687
482;09/01/2024;401
558;09/01/2024;726
644;09/01/2024;584
644;09/01/2024;2.292,00
658;08/01/2024;1.004,00
655;08/01/2024;1.165,00
656;09/01/2024;1.206,00
586;15/01/2024;345
579;25/09/2023;903
634;19/10/2023;611
611;23/10/2023;3.307,00
587;24/10/2023;538
564;30/10/2023;356
747;30/10/2023;751
564;07/11/2023;655
659;09/11/2023;465
483;13/11/2023;634
482;14/11/2023;537
483;22/11/2023;585
655;10/01/2024;1.165,00
656;12/01/2024;1.522,00
586;12/12/2023;1.379,00
483;26/01/2024;686
658;29/01/2024;466
655;29/01/2024;567
564;29/01/2024;722
577;29/01/2024;1.218,00
586;29/01/2024;2.027,00
598;29/01/2024;500
704;29/01/2024;695
635;30/01/2024;628
546;30/01/2024;623
482;02/02/2024;535
546;06/02/2024;666
483;07/02/2024;683
555;08/02/2024;3.078,00
520;22/02/2024;1.048,00
546;22/02/2024;1.344,00
483;12/02/2024;958
635;14/02/2024;582
567;14/02/2024;563
598;19/02/2024;256
520;22/02/2024;938
635;23/02/2024;627
483;23/02/2024;568
546;04/03/2024;686
604;05/03/2024;295
482;05/03/2024;492
520;05/03/2024;952
585;06/03/2024;550
482;06/03/2024;490
483;06/03/2024;608
555;06/03/2024;1.252,00
635;08/03/2024;628
604;08/03/2024;301
655;12/03/2024;2.050,00
635;12/03/2024;428
564;12/03/2024;728
598;12/03/2024;1.058,00
598;12/03/2024;498
672;12/03/2024;958
483;13/03/2024;261
482;13/03/2024;550
483;14/03/2024;697
572;14/03/2024;1.646,00
604;15/03/2024;438
752;18/03/2024;603
520;19/03/2024;1.044,00
598;19/03/2024;490
520;20/03/2024;970
546;20/03/2024;675
546;20/03/2024;733
658;21/03/2024;653
482;22/03/2024;552
520;22/03/2024;942
546;22/03/2024;1.393,00
655;22/03/2024;1.525,00
656;22/03/2024;1.108,00
658;25/03/2024;350
604;25/03/2024;548
482;28/04/2023;548
482;01/02/2024;539
598;05/02/2024;497
658;12/02/2024;646
483;19/02/2024;695
483;26/03/2024;641
746;27/03/2024;687
567;28/03/2024;569
520;28/03/2024;1.045,00
546;28/03/2024;1.452,00
546;28/03/2024;687
582;28/03/2024;1.302,00
586;03/04/2024;274
482;03/04/2024;450
482;03/04/2024;439
656;03/04/2024;1.656,00
658;03/04/2024;1.752,00
577;04/04/2024;609
577;04/04/2024;1.222,00
589;04/04/2024;280
586;04/04/2024;1.201,00
520;04/04/2024;2.012,00
635;05/04/2024;630
483;05/04/2024;335
483;05/04/2024;255
606;22/04/2024;539
757;22/04/2024;931
758;22/04/2024;879
520;22/04/2024;2.049,00
555;23/04/2024;1.195,00
577;23/04/2024;228
434;08/05/2024;331,8
448;08/05/2024;393,4
546;23/07/2024;734
679;08/05/2024;42
718;10/05/2024;410
718;10/05/2024;410,4
718;10/05/2024;375
696;10/05/2024;42
428;10/05/2024;334
728;15/05/2024;5.812,00
728;15/05/2024;5.812,00
728;16/05/2024;2.726,00
532;16/05/2024;248,2
420;17/05/2024;630,2
448;22/05/2024;393,8
446;22/05/2024;399,9
468;22/05/2024;1.726,80
532;23/07/2024;513,2
483;10/05/2023;608
532;23/04/2024;222
450;27/05/2024;1.673,00
532;27/05/2024;534,8
693;28/05/2024;200
554;29/05/2024;210
434;03/06/2024;332,6
448;03/06/2024;391,8
458;03/06/2024;315
446;03/06/2024;1.921,30
458;03/06/2024;976
428;03/06/2024;1.493,20
739;03/06/2024;998
532;04/06/2024;257,6
458;05/06/2024;490
420;11/06/2024;292,2
458;12/06/2024;546
468;12/06/2024;1.032,00
428;12/06/2024;937
428;12/06/2024;278,6
701;12/06/2024;313
458;12/06/2024;486
728;13/06/2024;1.433,00
420;13/06/2024;295,4
693;18/06/2024;50
717;19/06/2024;302,49
532;20/06/2024;508
527;20/06/2024;633
446;20/06/2024;2.278,20
428;20/06/2024;967,4
722;20/06/2024;1.542,60
696;24/06/2024;42
679;24/06/2024;42
693;24/06/2024;50
554;25/06/2024;210
539;03/05/2024;90
539;24/05/2024;90
539;24/05/2024;60
693;26/06/2024;200
468;27/06/2024;962,2
722;27/06/2024;2.051,00
701;27/06/2024;351
446;28/06/2024;1.108,10
539;07/06/2024;30
539;10/06/2024;66
739;01/07/2024;1.013,00
554;03/07/2024;70
693;04/07/2024;120
635;26/08/2024;454
420;10/07/2024;303
701;11/07/2024;353
406;12/07/2024;496,8
658;05/08/2024;1.924,00
693;12/07/2024;50
532;15/07/2024;488,2
554;19/07/2024;210
577;03/01/2022;298,5
577;04/01/2022;1.195,00
577;04/01/2022;1.195,00
577;03/01/2022;347,5
578;26/01/2022;645
577;11/02/2022;620
577;11/02/2022;693
577;06/01/2022;347
560;20/01/2022;895
546;26/05/2022;814
649;10/08/2022;1.206,00
555;10/08/2022;596
704;11/08/2022;1.284,00
690;11/08/2022;1.534,00
483;12/08/2022;600
634;12/08/2022;427
659;15/08/2022;460
649;19/08/2022;1.204,00
483;19/08/2022;533
634;19/08/2022;857
546;23/08/2022;552
585;24/08/2022;1.194,00
634;24/08/2022;428
579;25/08/2022;446
649;30/08/2022;1.192,00
482;30/08/2022;566
483;30/08/2022;531
587;30/08/2022;848
634;31/08/2022;827
659;31/08/2022;471
579;31/08/2022;444
690;31/08/2022;925
704;31/08/2022;1.541,00
482;01/09/2022;559
579;06/09/2022;442
555;08/09/2022;2.088,00
655;08/09/2022;1.170,00
656;08/09/2022;1.121,00
482;14/09/2022;557
659;15/09/2022;658
579;15/09/2022;445
483;16/09/2022;774
642;25/10/2022;1.110,00
520;20/09/2022;850
704;20/09/2022;643
579;20/09/2022;442
656;22/09/2022;3.222,00
482;23/09/2022;561
555;23/09/2022;1.192,00
656;28/09/2022;1.839,00
685;01/07/2022;2.520,00
634;30/09/2022;423
579;30/09/2022;444
688;30/09/2022;1.055,00
587;30/09/2022;858
690;25/10/2022;674
483;04/10/2022;570
655;04/10/2022;579
726;05/10/2022;849
727;05/10/2022;721
655;07/10/2022;1.120,00
483;10/10/2022;603
579;10/10/2022;441
579;13/10/2022;566
567;13/10/2022;557
690;18/10/2022;1.101,00
577;18/10/2022;531
635;19/10/2022;631
658;19/10/2022;1.740,00
483;20/10/2022;596
579;21/10/2022;991
598;08/04/2024;489
567;09/04/2024;1.179,00
752;10/04/2024;602
483;10/04/2024;665
604;10/04/2024;545
577;12/04/2024;260
483;15/04/2024;677
482;17/04/2024;481
656;17/04/2024;1.659,00
658;17/04/2024;1.201,00
483;17/04/2024;340
482;18/04/2024;446
586;19/04/2024;295
655;19/04/2024;1.806,00
635;24/04/2024;567
598;24/04/2024;489
582;24/04/2024;284
598;25/04/2024;481
669;28/02/2024;354
483;01/03/2024;560
586;12/03/2024;1.230,00
520;12/04/2024;886
546;12/04/2024;1.649,00
655;16/04/2024;1.163,00
655;16/04/2024;831
598;29/04/2024;484
589;29/04/2024;1.023,00
669;30/04/2024;327
546;30/04/2024;1.436,00
483;30/04/2024;500
604;02/05/2024;441
634;03/05/2024;439
658;03/05/2024;1.363,00
634;06/05/2024;430
482;06/05/2024;446
635;07/05/2024;628
656;07/05/2024;542
655;08/05/2024;855
586;08/05/2024;340
520;09/05/2024;842
546;09/05/2024;713
520;09/05/2024;3.065,00
752;13/05/2024;654
634;14/05/2024;423
656;15/05/2024;3.005,00
656;15/05/2024;3.941,00
655;15/05/2024;3.167,00
761;16/05/2024;1.123,00
635;17/05/2024;620
482;17/05/2024;532
582;22/05/2024;1.559,00
634;22/05/2024;865
483;23/05/2024;601
483;23/05/2024;584
520;10/04/2024;946
586;02/05/2024;638
546;02/05/2024;100
658;15/05/2024;2.952,00
546;28/05/2024;477
555;28/05/2024;1.179,00
555;28/05/2024;3.144,00
589;29/05/2024;1.864,00
582;29/05/2024;1.831,00
753;03/06/2024;616
482;03/06/2024;472
634;03/06/2024;213
751;04/06/2024;689
634;04/06/2024;214
753;04/06/2024;624
567;05/06/2024;592
687;05/06/2024;1.610,00
582;05/06/2024;286
656;06/06/2024;6.169,00
658;07/06/2024;451
658;07/06/2024;1.243,00
658;10/06/2024;2.426,00
482;11/06/2024;443
483;12/06/2024;584
752;13/06/2024;622
582;13/06/2024;285
483;17/06/2024;596
483;18/06/2024;595
655;19/06/2024;2.619,00
656;19/06/2024;956
520;21/06/2024;671
546;21/06/2024;481
582;21/06/2024;274
635;24/06/2024;567
687;24/06/2024;1.658,00
482;24/06/2024;478
658;25/06/2024;2.008,00
656;25/06/2024;3.670,00
555;26/06/2024;3.745,00
669;27/06/2024;396
577;27/06/2024;610
577;27/06/2024;611
577;27/06/2024;807
520;28/06/2024;628
546;28/06/2024;678
483;01/07/2024;595
482;04/07/2024;480
635;10/07/2024;624
546;11/07/2024;2.423,00
483;11/07/2024;545
658;15/07/2024;2.947,00
655;15/07/2024;2.965,00
520;16/07/2024;806
546;16/07/2024;769
546;18/07/2024;809
520;18/07/2024;802
567;19/07/2024;506
483;19/07/2024;548
658;08/04/2022;827
564;08/04/2022;1.168,00
606;01/02/2022;392,5
578;02/02/2022;666
658;25/03/2022;1.650,00
578;10/03/2022;648
483;12/01/2022;608
634;04/01/2022;1.098,00
657;17/01/2022;874
604;25/01/2022;1.111,00
655;31/01/2022;987
604;02/02/2022;992
656;08/02/2022;1.036,00
656;21/02/2022;1.005,50
655;21/02/2022;983,5
578;10/02/2022;622
657;25/02/2022;894
656;25/02/2022;1.019,00
658;04/03/2022;1.623,00
656;07/03/2022;1.017,50
656;07/03/2022;1.009,50
655;15/03/2022;995,5
658;15/03/2022;823
655;21/03/2022;1.078,00
658;25/03/2022;1.620,00
586;03/01/2022;542
587;03/01/2022;864
604;03/01/2022;544
564;10/01/2022;714
611;10/01/2022;365
587;26/01/2022;869
587;04/03/2022;1.024,00
520;15/03/2022;1.084,00
658;25/04/2022;814
412;26/01/2022;233,5
658;07/04/2022;819
520;18/04/2022;646
635;26/04/2022;575
578;02/02/2022;666
578;09/02/2022;656
580;22/03/2022;739
580;29/03/2022;362
644;04/04/2022;440
658;13/04/2022;1.643,50
582;18/05/2022;820
564;18/05/2022;2.084,00
578;19/05/2022;643
657;24/05/2022;759
546;25/05/2022;778
578;26/05/2022;280
584;27/05/2022;598
578;03/06/2022;284
644;06/06/2022;505
584;09/06/2022;298
680;27/06/2022;596
568;01/07/2022;909
598;07/07/2022;355
680;07/07/2022;525
657;14/07/2022;1.514,00
587;27/09/2022;468
680;22/07/2022;522
38;22/07/2022;748
564;22/07/2022;1.051,00
585;01/08/2022;991
704;01/08/2022;834
690;01/08/2022;648
483;04/08/2022;606
442;09/08/2022;379,1
444;11/08/2022;1.845,00
452;11/08/2022;400,3
468;11/08/2022;482,4
444;11/08/2022;374,8
448;11/08/2022;394,3
446;11/08/2022;692,5
448;15/08/2022;360,2
442;17/08/2022;352,1
690;17/08/2022;837
704;22/08/2022;701
442;22/08/2022;361,6
564;24/08/2022;2.049,00
448;30/08/2022;390,2
564;31/08/2022;353
579;06/09/2022;571
448;08/09/2022;389,7
446;12/09/2022;349
483;13/09/2022;635
634;14/09/2022;435
546;22/09/2022;1.206,00
520;22/09/2022;767
458;22/09/2022;419,3
483;27/09/2022;595
444;30/09/2022;674,1
468;30/09/2022;1.344,80
501;07/10/2022;1.843,00
448;07/10/2022;341,7
577;07/10/2022;1.698,00
448;07/10/2022;402,2
482;10/10/2022;547
482;10/10/2022;1.988,00
635;14/10/2022;528
652;29/11/2022;809
442;19/10/2022;1.498,90
657;04/11/2022;756
442;04/11/2022;1.510,00
587;07/11/2022;433
482;09/11/2022;445
525;10/11/2022;494
576;18/11/2022;2.102,00
676;25/11/2022;1.051,00
520;29/11/2022;855
693;08/12/2022;55
598;19/01/2023;627
448;27/01/2023;390
555;30/01/2023;691
598;30/01/2023;600
719;01/02/2023;1.466,00
570;01/02/2023;1.268,00
446;07/02/2023;404
448;22/02/2023;320,7
448;22/02/2023;353
719;22/02/2023;1.535,00
452;24/02/2023;382,3
719;07/03/2023;1.585,00
448;07/03/2023;780
448;10/03/2023;398,7
468;28/03/2023;1.523,00
440;28/03/2023;630,4
570;30/03/2023;1.382,00
408;24/04/2023;544
657;13/03/2023;861
693;06/07/2023;100
442;27/04/2023;779,5
719;28/04/2023;1.204,00
719;28/04/2023;357
729;02/05/2023;788
444;04/05/2023;435
570;09/05/2023;1.376,00
428;11/05/2023;1.330,40
434;11/05/2023;1.362,00
442;11/05/2023;1.600,00
444;11/05/2023;1.903,60
448;11/05/2023;1.604,00
452;11/05/2023;1.645,40
460;11/05/2023;929,4
531;12/07/2023;1.977,00
635;03/04/2023;465
428;29/03/2023;336
676;05/06/2023;1.051,00
657;05/06/2023;747
736;05/07/2023;1.679,00
736;28/07/2023;1.740,00
448;24/05/2023;335
428;27/07/2023;1.367,00
406;02/08/2023;544,4
434;27/07/2023;1.466,00
442;27/07/2023;1.558,00
448;02/08/2023;405
444;27/07/2023;1.604,00
692;06/07/2023;55
692;06/07/2023;45
448;27/07/2023;1.653,00
460;27/07/2023;1.905,50
452;12/07/2023;389,5
406;24/07/2023;566,8
734;27/04/2023;285
570;15/06/2023;1.440,00
719;18/05/2023;1.473,00
719;18/05/2023;373
406;11/08/2023;540,6
729;14/08/2023;3.667,00
676;14/08/2023;1.062,00
448;17/08/2023;359
725;21/08/2023;601
531;28/08/2023;576
570;28/08/2023;1.467,00
406;07/11/2023;534,8
446;17/11/2023;410,7
406;21/11/2023;513,2
428;23/11/2023;324,5
428;23/11/2023;319,4
482;01/12/2023;400
448;18/12/2023;375,4
420;05/12/2023;316
262;06/12/2023;771
406;06/12/2023;505,6
406;07/12/2023;533,4
733;11/10/2023;1.264,50
434;10/01/2024;378
585;10/01/2024;276
736;11/10/2023;349
604;23/11/2023;539
598;23/11/2023;564
694;18/01/2024;5
693;02/02/2024;20
693;02/02/2024;50
657;31/01/2024;532
420;19/02/2024;279
657;01/02/2024;492
657;23/02/2024;931
582;27/02/2024;331
688;28/02/2024;1.063,00
693;04/03/2024;100
693;05/03/2024;100
448;13/03/2024;373,6
679;20/03/2024;7
657;21/03/2024;459
424;22/03/2024;982,7
745;22/03/2024;249
736;17/11/2023;1.374,00
736;12/01/2024;1.665,00
657;14/02/2024;461
657;27/03/2024;417
679;27/03/2024;105
546;01/04/2024;788
693;04/04/2024;100
736;08/04/2024;684
736;08/04/2024;1.705,00
546;12/04/2024;725
693;15/04/2024;100
546;16/04/2024;720
531;19/04/2024;1.836,00
546;30/04/2024;650
448;06/05/2024;1.581,00
546;06/05/2024;648
555;13/05/2024;928
693;14/05/2024;150
546;16/05/2024;490
532;16/05/2024;214
679;22/05/2024;175
693;23/05/2024;150
693;04/06/2024;150
693;18/06/2024;150
728;04/07/2024;1.461,00
679;10/07/2024;105
546;23/02/2022;821
643;03/02/2022;565
564;16/02/2022;1.436,00
546;23/02/2022;811
555;23/02/2022;600
564;02/05/2022;612
582;26/05/2022;3.135,00
483;03/06/2022;611
635;04/07/2022;605
586;05/07/2022;647
585;05/09/2022;550
579;05/09/2022;985
483;18/11/2022;1.223,00
442;21/11/2022;1.164,00
729;25/11/2022;766
635;07/12/2022;608
567;08/12/2022;572
448;08/12/2022;631,4
594;14/12/2022;2.418,80
603;14/12/2022;2.088,30
582;14/12/2022;6.653,10
591;14/12/2022;6.588,50
645;14/12/2022;3.141,80
483;04/01/2023;632
448;04/01/2023;403
531;06/01/2023;1.874,50
448;11/01/2023;395
428;03/04/2023;16,5
406;31/08/2023;536,4
733;27/09/2023;1.469,60
531;29/09/2023;1.982,00
531;29/09/2023;1.477,00
664;23/10/2023;1.468,00
567;30/10/2023;1.121,00
531;24/05/2024;2.065,80
546;27/05/2024;703
546;03/06/2024;568
760;03/06/2024;685
736;04/06/2024;1.014,00
733;04/06/2024;792,8
582;10/06/2024;293
531;18/06/2024;496
531;18/06/2024;1.337,60
567;26/06/2024;587
733;27/06/2024;791,8
696;25/07/2024;56
692;25/07/2024;100
546;11/07/2024;818
567;16/07/2024;480
546;19/07/2024;812
667;25/03/2022;999
660;21/02/2022;685
577;31/01/2022;513
652;10/01/2022;591
652;18/01/2022;834
643;11/03/2022;466
570;16/03/2022;1.207,00
580;29/03/2022;717
520;25/05/2022;628
520;31/05/2022;241
673;21/06/2022;511
655;29/07/2022;859
635;11/08/2022;569
442;31/08/2022;733,7
682;23/09/2022;8.379,00
680;01/07/2022;1.850,00
587;29/09/2022;865
528;13/10/2022;646
525;26/10/2022;501
690;04/11/2022;1.247,00
428;18/11/2022;1.961,00
442;18/11/2022;2.928,00
466;18/11/2022;3.957,00
678;25/11/2022;722
656;07/12/2022;825
406;09/12/2022;885,6
700;09/12/2022;2.513,50
656;09/12/2022;1.851,00
658;16/01/2023;3.063,00
520;19/01/2023;869
420;11/04/2023;337,5
466;11/05/2023;2.609,70
567;16/06/2023;525
466;27/07/2023;990
587;12/05/2023;848
594;16/01/2024;460,6
741;17/10/2023;1.828,00
428;17/10/2023;1.974,40
442;17/10/2023;3.826,80
460;17/10/2023;1.828,60
466;17/10/2023;2.028,20
704;08/12/2023;699
570;27/11/2023;672
715;27/11/2023;3.169,00
735;19/02/2024;547
458;14/03/2024;440
655;21/03/2024;1.233,00
482;01/02/2024;536
754;26/03/2024;1.290,00
745;27/03/2024;997
458;24/04/2024;1.143,00
520;04/06/2024;1.144,00
546;04/06/2024;707
587;12/06/2024;536
520;20/05/2022;973
652;20/05/2022;1.509,00
676;21/11/2022;1.051,00
483;18/10/2022;595
490;06/02/2023;474
729;28/04/2023;788
420;18/05/2023;325,5
717;23/06/2023;309
690;24/11/2023;1.055,00
448;02/01/2024;375
406;02/01/2024;531,8
482;22/11/2023;476
586;02/01/2024;345
736;28/03/2024;1.372,00
577;11/04/2024;235
728;25/07/2024;1.393,00
483;31/05/2023;613
482;13/06/2023;546
482;29/04/2024;439
483;03/05/2024;596
720;13/12/2023;382,1
458;08/05/2024;1.371,10
468;23/05/2024;200
546;18/06/2024;704
546;25/06/2024;711
546;27/06/2024;568
546;05/07/2024;576
546;30/07/2024;721
446;30/07/2024;389,7
656;30/07/2024;3.406,00
656;30/07/2024;2.741,00
701;30/07/2024;315
635;31/07/2024;539
751;01/08/2024;647
483;02/08/2024;593
768;02/08/2024;1.357,00
767;06/08/2024;1.278,00
406;06/08/2024;708,4
702;07/08/2024;3.818,00
420;07/08/2024;1.235,60
532;07/08/2024;258,2
718;08/08/2024;1.268,00
546;09/08/2024;521
701;09/08/2024;355
406;09/08/2024;233
728;12/07/2024;1.423,00
728;12/08/2024;1.423,00
739;12/08/2024;991
724;12/08/2024;426
577;12/08/2024;983
585;12/08/2024;284
693;12/08/2024;100
728;12/08/2024;1.473,00
483;12/08/2024;594
482;12/08/2024;441
679;12/08/2024;42
520;13/08/2024;605
546;13/08/2024;719
554;13/08/2024;210
406;13/08/2024;237
458;14/10/2024;855
406;25/11/2024;239,6
656;15/08/2024;4.079,00
567;16/08/2024;508
406;16/08/2024;528,2
424;14/10/2024;2.379,00
669;19/08/2024;361
520;19/08/2024;3.092,00
406;19/08/2024;255,4
585;19/08/2024;1.639,00
482;19/08/2024;439
406;19/08/2024;513,2
420;20/08/2024;594,2
468;21/08/2024;498
287;21/08/2024;699,4
448;21/08/2024;362,7
434;21/08/2024;994
655;21/08/2024;4.622,00
733;21/08/2024;1.347,70
532;21/08/2024;486,4
604;22/08/2024;2.083,00
442;22/08/2024;315
458;22/08/2024;1.388,40
406;22/08/2024;502,8
482;23/08/2024;479
585;26/08/2024;1.382,00
483;26/08/2024;632
567;26/08/2024;525
728;26/08/2024;5.650,00
483;26/08/2024;622
740;26/08/2024;525
739;26/08/2024;498
656;27/08/2024;1.649,00
733;27/08/2024;1.414,20
736;27/08/2024;335
554;10/07/2024;140
520;28/08/2024;873
482;29/08/2024;476
406;29/08/2024;503,8
567;30/08/2024;528
483;30/08/2024;620
586;02/09/2024;337
531;02/09/2024;1.898,20
728;03/09/2024;1.505,00
658;03/09/2024;6.158,00
679;04/09/2024;42
696;04/09/2024;7
408;04/09/2024;485,6
444;04/09/2024;641,1
446;04/09/2024;787,5
458;04/09/2024;469,8
482;24/09/2024;434
468;04/09/2024;503,4
656;05/09/2024;2.389,00
701;05/09/2024;348
458;14/10/2024;2.088,00
796;06/09/2024;95
795;06/09/2024;94
793;06/09/2024;95
797;06/09/2024;94
802;06/09/2024;94
420;06/09/2024;316
408;06/09/2024;509,6
406;06/09/2024;503,2
554;09/09/2024;301
694;09/09/2024;600
482;09/09/2024;545
816;10/09/2024;188
696;10/09/2024;42
752;10/09/2024;643
752;10/09/2024;364
406;10/09/2024;474,8
656;10/09/2024;2.403,00
817;11/09/2024;1.674,00
420;11/09/2024;630,5
420;14/10/2024;567,2
532;14/10/2024;461
482;12/09/2024;479
520;12/09/2024;925
428;12/09/2024;326,4
452;12/09/2024;430,2
412;12/09/2024;555,9
448;13/09/2024;362,2
805;13/09/2024;99
806;13/09/2024;98
803;13/09/2024;95
482;13/09/2024;411
483;13/09/2024;580
728;13/09/2024;4.433,00
693;13/09/2024;200
567;17/09/2024;1.523,00
655;18/09/2024;2.461,00
483;18/09/2024;636
532;18/09/2024;488,8
586;18/09/2024;673
751;18/09/2024;573
406;18/09/2024;539
586;18/09/2024;347
701;19/09/2024;410,5
520;19/09/2024;569
432;19/09/2024;1.266,00
482;19/09/2024;481
532;19/09/2024;460
483;20/09/2024;300
483;20/09/2024;608
483;20/09/2024;608
412;20/09/2024;542
420;20/09/2024;310
452;20/09/2024;416
817;24/09/2024;1.178,00
692;23/09/2024;100
832;24/09/2024;366
656;24/09/2024;594
655;24/09/2024;1.560,00
656;24/09/2024;5.599,00
635;25/09/2024;1.558,00
468;25/09/2024;514
505;25/09/2024;532
739;25/09/2024;515
693;20/09/2024;50
406;26/09/2024;475,4
760;26/09/2024;748
520;26/09/2024;1.094,00
582;26/09/2024;656
604;26/09/2024;383
520;26/09/2024;2.182,00
770;26/09/2024;101
795;26/09/2024;103
762;26/09/2024;472
572;14/10/2024;569
833;26/09/2024;165
647;27/09/2024;466
434;27/09/2024;345,6
679;27/09/2024;42
696;27/09/2024;252
764;14/10/2024;2.268,00
771;27/09/2024;123,5
770;27/09/2024;101
428;04/09/2024;966,2
424;30/09/2024;1.309,20
428;30/09/2024;2.001,30
406;30/09/2024;496,6
733;30/09/2024;1.510,60
434;01/10/2024;296,6
701;01/10/2024;294,5
635;01/10/2024;571
428;01/10/2024;324
446;02/10/2024;290
483;07/10/2024;590
836;03/10/2024;82
835;03/10/2024;98
406;03/10/2024;483,6
482;03/10/2024;585
532;03/10/2024;460
446;03/10/2024;290
570;04/10/2024;1.233,00
412;04/10/2024;0,9
414;07/10/2024;1.130,00
420;07/10/2024;274
567;07/10/2024;509
572;07/10/2024;573
458;07/10/2024;889,4
752;07/10/2024;663
482;07/10/2024;440
546;04/11/2024;799
718;04/11/2024;1.198,00
432;08/10/2024;294
532;02/10/2024;490,2
532;08/10/2024;467
406;09/10/2024;465,8
432;09/10/2024;293
759;09/10/2024;610
656;10/10/2024;1.351,00
658;10/10/2024;4.749,00
482;10/10/2024;478
669;11/10/2024;324
586;11/10/2024;355
760;11/10/2024;749
679;11/10/2024;35
798;06/09/2024;99
793;26/09/2024;97
814;27/09/2024;104
723;15/10/2024;502
434;15/10/2024;358,6
505;16/10/2024;531
505;16/10/2024;531
412;16/10/2024;559,4
446;18/11/2024;379
482;16/10/2024;481
655;16/10/2024;3.408,00
843;17/10/2024;302
844;17/10/2024;162,5
442;17/10/2024;318
554;17/10/2024;504
694;17/10/2024;300
657;17/10/2024;1.021,80
717;14/08/2024;312
717;16/08/2024;359
717;11/09/2024;374
688;11/09/2024;759
483;18/10/2024;598
546;21/10/2024;753
839;21/10/2024;112
842;21/10/2024;162
840;21/10/2024;378
841;21/10/2024;132
804;21/10/2024;99
805;21/10/2024;99
725;21/10/2024;772
696;22/10/2024;133
696;22/10/2024;42
635;22/10/2024;1.695,00
701;22/10/2024;404,1
442;22/10/2024;338
546;23/10/2024;2.984,00
482;23/10/2024;395
483;23/10/2024;300
752;23/10/2024;431
420;24/10/2024;517
434;24/10/2024;345,1
446;24/10/2024;416
468;24/10/2024;476
432;24/10/2024;295
444;24/10/2024;1.036,60
733;24/10/2024;1.206,00
717;24/10/2024;312
688;24/10/2024;759
586;28/10/2024;1.073,00
656;19/11/2024;6.637,00
428;28/10/2024;325,1
412;28/10/2024;546,8
412;28/10/2024;252,4
428;28/10/2024;1.924,20
432;29/10/2024;360,7
482;29/10/2024;442
482;29/10/2024;413
692;29/10/2024;100
693;29/10/2024;150
532;30/10/2024;456
532;30/10/2024;460
704;31/10/2024;662
520;31/10/2024;553
446;31/10/2024;420
406;31/10/2024;708,8
694;31/10/2024;155
483;01/11/2024;639
450;01/11/2024;750,3
424;01/11/2024;927,2
759;01/11/2024;609
520;01/11/2024;942
546;01/11/2024;820
635;04/11/2024;558
448;04/11/2024;342,4
420;04/11/2024;585
412;05/11/2024;521,4
482;05/11/2024;480
745;05/11/2024;816,5
567;06/11/2024;509
446;06/11/2024;1.085,50
483;07/11/2024;599
655;07/11/2024;613
662;07/11/2024;3.501,00
434;07/11/2024;355,6
406;08/11/2024;471,8
701;08/11/2024;411,5
769;08/10/2024;61
821;08/10/2024;125
830;08/10/2024;262,5
838;08/10/2024;296,5
843;11/11/2024;152
844;11/11/2024;163
412;11/11/2024;261,6
656;11/11/2024;3.793,00
505;11/11/2024;1.057,00
483;11/11/2024;599
546;12/11/2024;728
434;12/11/2024;650
432;25/11/2024;294
728;12/11/2024;1.383,00
669;13/11/2024;373
752;13/11/2024;408
482;13/11/2024;452
483;13/11/2024;597
532;13/11/2024;490,2
658;13/11/2024;3.912,00
845;14/11/2024;810
570;18/11/2024;1.241,00
520;18/11/2024;918
406;18/11/2024;519,6
412;18/11/2024;281,6
468;21/11/2024;490,5
406;25/11/2024;248,2
420;21/11/2024;837,4
464;21/11/2024;834
725;16/10/2024;690
444;28/10/2024;752,2
483;22/11/2024;601
696;22/11/2024;42
482;22/11/2024;479
701;22/11/2024;402,9
532;22/11/2024;492
520;22/11/2024;956
546;22/11/2024;715
412;25/11/2024;274,2
432;25/11/2024;359,5
655;25/11/2024;615
406;25/11/2024;537,4
446;12/11/2024;1.140,00
546;21/11/2024;717
546;26/11/2024;749
679;26/11/2024;35
448;07/01/2025;411
736;27/11/2024;692
725;27/11/2024;690
690;27/11/2024;83,5
693;27/11/2024;25
594;27/11/2024;266,6
444;27/11/2024;79
448;27/11/2024;70,6
717;27/11/2024;733
553;27/11/2024;1.195,40
482;16/12/2024;490
784;27/01/2025;90
787;27/01/2025;107
772;27/01/2025;118
442;24/02/2025;3.101,00
412;17/12/2024;242,6
472;27/11/2024;572
832;27/11/2024;392
468;28/11/2024;513
483;28/11/2024;626
752;28/11/2024;650
442;28/11/2024;659,8
724;28/11/2024;429
752;28/11/2024;446
434;29/11/2024;323
450;02/12/2024;748,2
532;02/12/2024;250,4
483;03/12/2024;601
464;03/12/2024;423,7
442;03/12/2024;333
505;03/12/2024;523
532;03/12/2024;499,6
567;04/12/2024;511
450;04/12/2024;429,7
714;04/12/2024;522
432;04/12/2024;723,2
482;04/12/2024;497
701;04/12/2024;412,1
444;07/01/2025;693
472;05/12/2024;595
482;09/12/2024;481
468;09/12/2024;509
424;09/12/2024;900,2
428;09/12/2024;638,7
728;10/12/2024;5.673,00
448;10/12/2024;1.585,60
733;11/12/2024;1.129,60
472;11/12/2024;595
448;11/12/2024;1.129,80
458;07/01/2025;1.350,40
468;07/01/2025;547,4
408;12/12/2024;281,7
546;12/12/2024;684
679;07/01/2025;42
679;07/01/2025;35
840;01/11/2024;2.148,00
635;13/12/2024;499
693;13/12/2024;150
669;13/12/2024;328
728;13/12/2024;1.363,00
532;13/12/2024;524
412;16/12/2024;1.073,40
287;16/12/2024;327
444;16/12/2024;1.133,80
446;16/12/2024;652
472;16/12/2024;533
472;16/12/2024;558
714;17/12/2024;1.563,00
679;17/12/2024;35
446;17/12/2024;1.118,00
532;17/12/2024;520,8
483;17/12/2024;626
482;27/11/2024;15,75
579;27/11/2024;352,35
615;27/11/2024;268
625;27/11/2024;146,5
444;27/11/2024;259
722;27/11/2024;18
446;07/01/2025;368
696;18/12/2024;28
414;18/12/2024;549
772;24/02/2025;237
808;27/01/2025;182
801;27/01/2025;96
444;27/01/2025;353
458;27/01/2025;433
770;24/02/2025;96
724;07/01/2025;503
442;19/12/2024;1.790,70
464;27/01/2025;492,8
468;27/01/2025;3.953,00
579;19/12/2024;352,35
615;19/12/2024;268
625;19/12/2024;146,5
444;19/12/2024;259
722;19/12/2024;18
482;19/12/2024;15,75
505;07/01/2025;504
505;07/01/2025;513
472;08/01/2025;632
693;27/11/2024;100
745;02/01/2025;403
546;02/01/2025;717
669;03/01/2025;327
450;03/01/2025;1.263,90
472;03/01/2025;562
448;06/01/2025;876,2
444;08/01/2025;348
765;08/01/2025;4.030,00
424;08/01/2025;3.310,60
450;08/01/2025;1.248,50
444;08/01/2025;345
532;13/01/2025;434
482;09/01/2025;488
733;09/01/2025;2.191,40
582;10/01/2025;565
850;17/12/2024;344
428;10/01/2025;1.650,20
718;10/01/2025;1.119,00
483;10/01/2025;597
846;05/12/2024;124
780;18/12/2024;103
782;18/12/2024;196
806;18/12/2024;99
784;18/12/2024;99
792;12/12/2024;131
813;12/12/2024;201
833;12/12/2024;135
849;12/12/2024;10
658;13/01/2025;2.234,00
656;13/01/2025;4.059,00
751;13/01/2025;620
546;13/01/2025;655
635;13/01/2025;480
728;14/01/2025;1.330,00
472;15/01/2025;624
446;15/01/2025;1.196,60
428;15/01/2025;1.979,00
414;15/01/2025;558
483;15/01/2025;597
448;16/01/2025;1.562,40
446;16/01/2025;1.114,00
807;19/12/2024;92
546;17/01/2025;812
434;17/01/2025;323
442;17/01/2025;353,3
464;17/01/2025;421,9
287;17/01/2025;1.145,00
472;17/01/2025;1.688,00
434;17/01/2025;1.594,10
287;17/01/2025;2.215,40
482;20/01/2025;480
635;20/01/2025;438
701;20/01/2025;404,3
795;21/01/2025;104
809;21/01/2025;96
807;21/01/2025;101
783;21/01/2025;112
785;21/01/2025;104
408;21/01/2025;276,5
870;22/01/2025;106
871;22/01/2025;155
797;22/01/2025;97
799;22/01/2025;99
801;22/01/2025;95
771;22/01/2025;120,5
795;22/01/2025;102
809;19/12/2024;98
872;23/01/2025;157
780;24/01/2025;100
784;24/01/2025;272
787;24/01/2025;216
483;24/01/2025;537
468;24/01/2025;1.463,00
472;24/01/2025;1.613,00
701;24/01/2025;295,5
532;24/01/2025;433
567;24/01/2025;910
804;19/12/2024;99
784;19/12/2024;100
783;19/12/2024;99
786;19/12/2024;226
817;17/12/2024;306
818;17/12/2024;169,5
692;28/01/2025;50
412;28/01/2025;538,4
862;28/01/2025;103,12
863;28/01/2025;111,15
867;28/01/2025;113,07
862;28/01/2025;197,26
863;28/01/2025;200,07
867;28/01/2025;207,35
412;29/01/2025;532,4
458;29/01/2025;429
468;29/01/2025;1.046,60
752;29/01/2025;438
834;29/01/2025;2.321,00
723;29/01/2025;992
482;29/01/2025;490
450;29/01/2025;752,6
780;24/02/2025;108
448;30/01/2025;390,4
408;30/01/2025;277,1
655;30/01/2025;5.284,00
772;30/01/2025;79
780;30/01/2025;108
728;31/01/2025;2.832,00
799;31/01/2025;100
776;31/01/2025;106
770;31/01/2025;290
635;31/01/2025;569
770;31/01/2025;194
796;22/01/2025;97
780;10/01/2025;102
785;10/01/2025;107
773;10/01/2025;206,5
843;09/01/2025;1.518,00
777;31/01/2025;218
776;31/01/2025;102
775;31/01/2025;207
520;03/02/2025;825
635;04/02/2025;574
458;04/02/2025;1.301,00
468;04/02/2025;1.063,40
834;04/02/2025;431
483;04/02/2025;550
482;04/02/2025;487
546;05/02/2025;799
567;06/02/2025;529
554;06/02/2025;105
787;24/02/2025;233
582;07/02/2025;293
635;07/02/2025;409
532;07/02/2025;432
733;07/02/2025;362
532;07/02/2025;267,6
412;07/02/2025;485
656;10/02/2025;7.036,00
701;10/02/2025;286,5
582;10/02/2025;671
450;10/02/2025;1.240,30
546;10/02/2025;541
482;11/02/2025;743
472;11/02/2025;535
662;12/02/2025;863
424;12/02/2025;663
440;12/02/2025;677
752;12/02/2025;557
658;12/02/2025;2.110,00
647;13/02/2025;680
472;13/02/2025;533
679;14/02/2025;21
483;14/02/2025;551
635;17/02/2025;571
482;17/02/2025;488
483;17/02/2025;551
472;17/02/2025;533
505;18/02/2025;504
505;18/02/2025;501
733;18/02/2025;382
520;19/02/2025;1.905,00
546;19/02/2025;3.826,00
868;20/02/2025;138,67
873;20/02/2025;192,45
858;20/02/2025;15,89
874;20/02/2025;20,83
546;20/02/2025;575
655;20/02/2025;1.324,00
658;20/02/2025;2.050,00
728;20/02/2025;1.333,00
864;20/02/2025;21,98
878;20/02/2025;25
879;20/02/2025;83
733;20/02/2025;355
472;25/02/2025;1.589,00
483;25/02/2025;546
865;25/02/2025;35,64
860;25/02/2025;64,56
843;26/02/2025;1.518,00
781;17/12/2024;205
803;18/12/2024;99
877;06/02/2025;512
696;18/12/2024;7
446;29/01/2025;395,5
696;26/02/2025;7
759;26/02/2025;470,2
406;26/02/2025;476
699;26/02/2025;2.452,60
483;28/02/2025;549
442;28/02/2025;775,4
468;28/02/2025;1.081,60
472;08/04/2025;1.676,40
444;06/03/2025;194
699;07/03/2025;660
701;07/03/2025;284,5
440;07/03/2025;325
412;07/03/2025;496
472;07/03/2025;569
679;07/03/2025;28
442;07/03/2025;1.120,70
531;07/03/2025;1.976,10
881;07/03/2025;858
881;07/03/2025;5.879,00
483;10/03/2025;595
546;10/03/2025;826
848;08/04/2025;105
424;10/03/2025;1.122,00
440;10/03/2025;325
444;10/03/2025;740,6
446;10/03/2025;718
450;10/03/2025;405,1
458;10/03/2025;2.199,00
468;10/03/2025;2.499,60
679;11/03/2025;28
554;11/03/2025;105
450;08/04/2025;319,9
635;12/03/2025;424
662;12/03/2025;1.952,00
656;12/03/2025;6.010,00
656;12/03/2025;607
555;13/03/2025;1.003,00
701;13/03/2025;343,7
752;13/03/2025;609
728;13/03/2025;1.494,00
464;14/03/2025;471,3
424;14/03/2025;1.930,00
406;14/03/2025;573,6
412;17/03/2025;500
446;17/03/2025;359
635;17/03/2025;572
472;24/03/2025;569,4
714;18/03/2025;594
659;18/03/2025;407
442;18/03/2025;348,7
446;18/03/2025;359
468;18/03/2025;495
468;18/03/2025;490
635;19/03/2025;419
567;19/03/2025;518
468;19/03/2025;487
662;19/03/2025;736
444;19/03/2025;365,8
483;08/04/2025;635
694;08/04/2025;1.200,00
728;20/03/2025;3.001,00
483;20/03/2025;604
505;21/03/2025;514
504;21/03/2025;496
505;21/03/2025;514
506;21/03/2025;522
520;24/03/2025;1.096,00
468;25/03/2025;1.073,90
458;25/03/2025;498,9
576;25/03/2025;1.293,00
468;25/03/2025;522,9
442;26/03/2025;345,5
546;26/03/2025;643
679;27/03/2025;28
483;27/03/2025;602
555;18/03/2025;557
546;28/03/2025;1.254,00
468;28/03/2025;555
428;28/03/2025;671,2
482;28/03/2025;490
483;28/03/2025;600
701;28/03/2025;378,1
554;31/03/2025;140
659;31/03/2025;370
658;31/03/2025;502
468;31/03/2025;955,4
458;31/03/2025;463,3
483;01/04/2025;593
472;02/04/2025;564,6
898;05/05/2025;604
635;04/04/2025;308
723;04/04/2025;494
752;04/04/2025;863
567;04/04/2025;507
567;04/04/2025;518
635;04/04/2025;633
702;05/05/2025;5.837,60
458;07/04/2025;1.359,90
472;07/04/2025;550
658;09/04/2025;505
428;09/04/2025;323,8
482;09/04/2025;741
662;10/04/2025;2.210,00
635;10/04/2025;635
406;10/04/2025;481,8
424;10/04/2025;299
448;10/04/2025;386,6
472;10/04/2025;568,8
784;10/03/2025;182
782;19/03/2025;102
781;19/03/2025;99
875;20/03/2025;90,5
780;26/03/2025;216
884;12/03/2025;625
864;24/03/2025;22,1
728;10/04/2025;1.496,00
450;11/04/2025;373,7
555;11/04/2025;451
577;06/03/2025;311
892;08/04/2025;42
893;08/04/2025;32
656;14/04/2025;5.375,00
718;14/04/2025;373
472;14/04/2025;562,4
659;16/04/2025;408
482;16/04/2025;489
733;17/04/2025;2.536,60
442;17/04/2025;361,3
679;22/04/2025;35
412;23/04/2025;277,4
482;23/04/2025;494
505;24/04/2025;534
505;24/04/2025;534
701;24/04/2025;400,9
759;24/04/2025;469,6
658;25/04/2025;502
655;25/04/2025;3.035,00
412;25/04/2025;533
662;25/04/2025;747
412;25/04/2025;528
428;25/04/2025;327
444;25/04/2025;813,2
458;25/04/2025;921,4
408;25/04/2025;515
472;22/04/2025;157,3
577;22/04/2025;311
567;22/04/2025;509
772;28/04/2025;156
772;28/04/2025;156
546;28/04/2025;621
520;28/04/2025;893
448;28/04/2025;1.169,40
472;28/04/2025;33,8
733;28/04/2025;353
408;28/04/2025;545,5
472;28/04/2025;123,5
483;02/05/2025;594
656;02/05/2025;5.304,00
483;02/05/2025;610
694;02/05/2025;1.300,00
452;02/05/2025;427,6
863;02/05/2025;88,9
862;02/05/2025;295,79
867;02/05/2025;307,54
784;02/05/2025;104
894;02/05/2025;110
780;02/05/2025;94
408;05/05/2025;529
448;06/05/2025;396,4
458;06/05/2025;1.246,70
428;06/05/2025;651,2
891;07/04/2025;198
873;02/04/2025;109,96
860;02/04/2025;48,42
444;07/05/2025;1.117,00
894;07/05/2025;107,5
784;07/05/2025;100
679;08/05/2025;21
693;08/05/2025;5
482;08/05/2025;482
752;09/05/2025;634
692;09/05/2025;500
458;09/05/2025;429,1
482;09/05/2025;225
863;09/05/2025;645,56
414;09/05/2025;627,6
658;12/05/2025;452
635;12/05/2025;596
448;12/05/2025;1.211,60
483;12/05/2025;336
448;12/05/2025;749,4
483;12/05/2025;588
763;13/05/2025;802
458;13/05/2025;291,1
483;13/05/2025;628
656;14/05/2025;3.012,00
728;15/05/2025;3.007,00
546;15/05/2025;818
408;15/05/2025;561,2
452;16/05/2025;847,2
468;19/05/2025;541
483;20/05/2025;306
701;20/05/2025;388,7
448;21/05/2025;825,4
733;21/05/2025;354
834;21/05/2025;593
483;21/05/2025;632
483;21/05/2025;599
483;22/05/2025;592
428;23/05/2025;1.796,60
428;23/05/2025;1.890,60
894;02/05/2025;101
424;26/05/2025;605,6
780;02/05/2025;100
424;27/05/2025;1.206,20
428;27/05/2025;656
450;27/05/2025;401,5
458;27/05/2025;973,4
482;27/05/2025;490
531;27/05/2025;1.956,10
482;29/05/2025;499
784;02/05/2025;100
897;02/05/2025;86
899;13/05/2025;830
784;13/05/2025;102
892;13/05/2025;525
432;30/05/2025;1.064,70
414;30/05/2025;313,7
458;30/05/2025;405,1
424;30/05/2025;277,1
659;30/05/2025;373
694;30/05/2025;1.200,00
822;30/05/2025;98
883;16/05/2025;314
793;26/05/2025;96
795;26/05/2025;102
806;26/05/2025;115
804;26/05/2025;94
805;26/05/2025;86
806;26/05/2025;112
803;26/05/2025;116
772;29/05/2025;117
778;29/05/2025;206
800;29/05/2025;206
864;13/05/2025;22,1
886;29/05/2025;87,36
868;29/05/2025;136,28
